Control ID,Control Title,Family,Determination ID,Determination Statement,Status,Evidence / Notes
03.01.01,Account management,Access control,A.03.01.01.a[01],"system account types allowed are defined",Pending,
03.01.01,Account management,Access control,A.03.01.01.a[02],"system account types prohibited are defined",Pending,
03.01.01,Account management,Access control,A.03.01.01.b[01],"system accounts are created in accordance with organizational policy, procedures, prerequisites, and criteria",Pending,
03.01.01,Account management,Access control,A.03.01.01.b[02],"system accounts are enabled in accordance with organizational policy, procedures, prerequisites, and criteria",Pending,
03.01.01,Account management,Access control,A.03.01.01.b[03],"system accounts are modified in accordance with organizational policy, procedures, prerequisites, and criteria",Pending,
03.01.01,Account management,Access control,A.03.01.01.b[04],"system accounts are disabled in accordance with organizational policy, procedures, prerequisites, and criteria",Pending,
03.01.01,Account management,Access control,A.03.01.01.b[05],"system accounts are removed in accordance with organizational policy, procedures, prerequisites, and criteria",Pending,
03.01.01,Account management,Access control,A.03.01.01.c.01,"authorized users of the system are specified",Pending,
03.01.01,Account management,Access control,A.03.01.01.c.02,"group and role memberships are specified",Pending,
03.01.01,Account management,Access control,A.03.01.01.c.03,"access authorizations (in other words, privileges) for each account are specified",Pending,
03.01.01,Account management,Access control,A.03.01.01.d.01,"access to the system is authorized based on a valid access authorization",Pending,
03.01.01,Account management,Access control,A.03.01.01.d.02,"access to the system is authorized based on intended system usage",Pending,
03.01.01,Account management,Access control,A.03.01.01.e,"the use of system accounts is monitored",Pending,
03.01.01,Account management,Access control,A.03.01.01.f.01,"system accounts are disabled when the accounts have expired",Pending,
03.01.01,Account management,Access control,A.03.01.01.f.02,"system accounts are disabled when the accounts have been inactive for <ODP[01]: time period>",Pending,
03.01.01,Account management,Access control,A.03.01.01.f.03,"system accounts are disabled when the accounts are no longer associated with a user or individual",Pending,
03.01.01,Account management,Access control,A.03.01.01.f.04,"system accounts are disabled when the accounts violate organizational policy",Pending,
03.01.01,Account management,Access control,A.03.01.01.f.05,"system accounts are disabled when significant risks associated with individuals are discovered",Pending,
03.01.01,Account management,Access control,A.03.01.01.g.01,"account managers and designated personnel or roles are notified within <ODP[02]: time period> when accounts are no longer required",Pending,
03.01.01,Account management,Access control,A.03.01.01.g.02,"account managers and designated personnel or roles are notified within <ODP[03]: time period> when users are terminated or transferred",Pending,
03.01.01,Account management,Access control,A.03.01.01.g.03,"account managers and designated personnel or roles are notified within <ODP[04]: time period> when system usage or the need-to-know changes for an individual",Pending,
03.01.01,Account management,Access control,A.03.01.01.h,"users are required to log out of the system after <ODP[05]: time period> of expected inactivity or when the following circumstances occur: <ODP[06]: circumstances>",Pending,
03.01.02,Access enforcement,Access control,A.03.01.02[01],"approved authorizations for logical access to specified information are enforced in accordance with applicable access control policies",Pending,
03.01.02,Access enforcement,Access control,A.03.01.02[02],"approved authorizations for logical access to system resources are enforced in accordance with applicable access control policies",Pending,
03.01.20,Use of external systems,Access control,A.03.01.20.a,"the use of external systems is prohibited unless the systems are specifically authorized",Pending,
03.01.20,Use of external systems,Access control,A.03.01.20.b,"the following security requirements to be satisfied on external systems prior to allowing the use of or access to those systems by authorized individuals are established: <ODP: security requirements>",Pending,
03.01.20,Use of external systems,Access control,A.03.01.20.c.01,"authorized individuals are permitted to use external systems to access the organizational system or to process, store, or transmit specified information only after verifying that the security requirements on the external systems as specified in the organization's system security plans have been satisfied",Pending,
03.01.20,Use of external systems,Access control,A.03.01.20.c.02,"authorized individuals are permitted to use external systems to access the organizational system or to process, store, or transmit specified information only after retaining approved system connection or processing agreements with the organizational entity hosting the external systems",Pending,
03.01.20,Use of external systems,Access control,A.03.01.20.d,"the use of organization-controlled portable storage devices by authorized individuals on external systems is restricted",Pending,
03.01.22,Publicly accessible content,Access control,A.03.01.22.a,"authorized individuals are trained to ensure that publicly accessible information does not contain specified information",Pending,
03.01.22,Publicly accessible content,Access control,A.03.01.22.b[01],"the content on publicly accessible systems is reviewed for specified information",Pending,
03.01.22,Publicly accessible content,Access control,A.03.01.22.b[02],"specified information is removed from publicly accessible systems, if discovered",Pending,
03.05.01,"User identification, authentication, and re-authentication",Identification and authentication,A.03.05.01.a[01],"system users are uniquely identified",Pending,
03.05.01,"User identification, authentication, and re-authentication",Identification and authentication,A.03.05.01.a[02],"system users are authenticated",Pending,
03.05.01,"User identification, authentication, and re-authentication",Identification and authentication,A.03.05.01.a[03],"processes acting on behalf of users are associated with uniquely identified and authenticated system users",Pending,
03.05.01,"User identification, authentication, and re-authentication",Identification and authentication,A.03.05.01.b,"users are re-authenticated when <ODP: circumstances or situations>",Pending,
03.05.02,Device identification and authentication,Identification and authentication,A.03.05.02[01],"<ODP: devices or types of devices> are uniquely identified before establishing a system connection",Pending,
03.05.02,Device identification and authentication,Identification and authentication,A.03.05.02[02],"<ODP: devices or types of devices> are authenticated before establishing a system connection",Pending,
03.05.03,Multi-factor authentication,Identification and authentication,A.03.05.03[01],"strong multi-factor authentication for access to privileged accounts is implemented",Pending,
03.05.03,Multi-factor authentication,Identification and authentication,A.03.05.03[02],"strong multi-factor authentication for access to non-privileged accounts is implemented",Pending,
03.08.03,Media sanitization,Media protection,A.03.08.03,"system media that contain specified information are sanitized prior to disposal, release out of organizational control, or release for reuse",Pending,
03.10.01,Physical access authorizations,Physical protection,A.03.10.01.a[01],"a list of individuals with authorized access to the facility where the system resides is developed",Pending,
03.10.01,Physical access authorizations,Physical protection,A.03.10.01.a[02],"a list of individuals with authorized access to the facility where the system resides is approved",Pending,
03.10.01,Physical access authorizations,Physical protection,A.03.10.01.a[03],"a list of individuals with authorized access to the facility where the system resides is maintained",Pending,
03.10.01,Physical access authorizations,Physical protection,A.03.10.01.b,"authorization credentials for facility access are issued",Pending,
03.10.01,Physical access authorizations,Physical protection,A.03.10.01.c,"the physical access list is reviewed <ODP: frequency>",Pending,
03.10.01,Physical access authorizations,Physical protection,A.03.10.01.d,"individuals from the physical access list are removed when access is no longer required",Pending,
03.10.07,Physical access control,Physical protection,A.03.10.07.a.01,"physical access authorizations are enforced at entry and exit points to the facility where the system resides by verifying individual physical access authorizations before granting access",Pending,
03.10.07,Physical access control,Physical protection,A.03.10.07.a.02,"physical access authorizations are enforced at entry and exit points to the facility where the system resides by controlling ingress and egress with physical access control systems, devices, or guards",Pending,
03.10.07,Physical access control,Physical protection,A.03.10.07.b,"physical access audit logs for entry or exit points are maintained",Pending,
03.10.07,Physical access control,Physical protection,A.03.10.07.c[01],"visitors are escorted",Pending,
03.10.07,Physical access control,Physical protection,A.03.10.07.c[02],"visitor activity is controlled",Pending,
03.10.07,Physical access control,Physical protection,A.03.10.07.d,"keys, combinations, and other physical access devices are secured",Pending,
03.10.07,Physical access control,Physical protection,A.03.10.07.e,"physical access to output devices is controlled to prevent unauthorized individuals from obtaining access to specified information",Pending,
03.13.01,Boundary protection,System and communications protection,A.03.13.01.a[01],"communications at external managed interfaces to the system are monitored",Pending,
03.13.01,Boundary protection,System and communications protection,A.03.13.01.a[02],"communications at external managed interfaces to the system are controlled",Pending,
03.13.01,Boundary protection,System and communications protection,A.03.13.01.a[03],"communications at key internal managed interfaces within the system are monitored",Pending,
03.13.01,Boundary protection,System and communications protection,A.03.13.01.a[04],"communications at key internal managed interfaces within the system are controlled",Pending,
03.13.01,Boundary protection,System and communications protection,A.03.13.01.b,"subnetworks are implemented for publicly accessible system components that are physically or logically separated from internal networks",Pending,
03.13.01,Boundary protection,System and communications protection,A.03.13.01.c,"external system connections are only made through managed interfaces that consist of boundary protection devices arranged in accordance with an organizational security architecture",Pending,
03.14.01,Flaw remediation,System and information integrity,A.03.14.01.a[01],"system flaws are identified",Pending,
03.14.01,Flaw remediation,System and information integrity,A.03.14.01.a[02],"system flaws are reported",Pending,
03.14.01,Flaw remediation,System and information integrity,A.03.14.01.a[03],"system flaws are corrected",Pending,
03.14.01,Flaw remediation,System and information integrity,A.03.14.01.b[01],"security-relevant software updates are installed within <ODP[01]: time period> of the release of the updates",Pending,
03.14.01,Flaw remediation,System and information integrity,A.03.14.01.b[02],"security-relevant firmware updates are installed within <ODP[02]: time period> of the release of the updates",Pending,
03.14.02,Malicious code protection,System and information integrity,A.03.14.02.a[01],"malicious code protection mechanisms are implemented at system entry and exit points to detect malicious code",Pending,
03.14.02,Malicious code protection,System and information integrity,A.03.14.02.a[02],"malicious code protection mechanisms are implemented at system entry and exit points to eradicate malicious code",Pending,
03.14.02,Malicious code protection,System and information integrity,A.03.14.02.b,"malicious code protection mechanisms are updated as new releases are available in accordance with configuration management policy and procedures",Pending,
03.14.02,Malicious code protection,System and information integrity,A.03.14.02.c.01[01],"malicious code protection mechanisms are configured to perform scans of the system <ODP: frequency>",Pending,
03.14.02,Malicious code protection,System and information integrity,A.03.14.02.c.01[02],"malicious code protection mechanisms are configured to perform real-time scans of files from external sources at endpoints or system entry and exit points as the files are downloaded, opened, or executed",Pending,
03.14.02,Malicious code protection,System and information integrity,A.03.14.02.c.02,"malicious code protection mechanisms are configured to block or quarantine malicious code, or take other mitigation actions in response to malicious code detection",Pending,
